{
 "x" : [0,0.2,0.4,0.6,0.8,1.0,0,0.2,0.4,0.6,0.8,0,0.2,0.4,0.6,0,0.2,0.4,0,0.2,0],
 "y" : [0,0,0,0,0,0,0.2,0.2,0.2,0.2,0.2,0.4,0.4,0.4,0.4,0.6,0.6,0.6,0.8,0.8,1.0],
 "ndp" : [1,2,3,4,5,6,7,11,12,15,16,18,19,20,21],
 "val" : [0,0,0,0,0,50,0,100,0,100,0,100,0,100,50],
 "nl" : [1,2,7,2,8,7,2,3,8,3,9,8,3,4,9,4,10,9,4,5,10,5,11,10,5,6,11,7,8,12,
         8,13,12,8,9,13,9,14,13,9,10,14,10,15,14,10,11,15,12,13,16,13,17,16,13,14,17,14,18,17,
         14,15,18,16,17,19,17,20,19,17,18,20,19,20,21],
 "ni" : 50,
 "ne" : 25,
 "np" : 15,
 "v" : [ 0.000000000000000000e+00, 0.000000000000000000e+00, 0.000000000000000000e+00, 0.000000000000000000e+00, 0.000000000000000000e+00, 5.000000000000000000e+01, 0.000000000000000000e+00, 1.818181818181818343e+01, 3.636363636363636687e+01, 5.909090909090908639e+01, 1.000000000000000000e+02, 0.000000000000000000e+00, 3.636363636363636687e+01, 6.818181818181818699e+01, 1.000000000000000000e+02, 0.000000000000000000e+00, 5.909090909090908639e+01, 1.000000000000000000e+02, 0.000000000000000000e+00, 1.000000000000000000e+02, 5.000000000000000000e+01]
}
