{
  "case_1" : { "h" : 0.25,
               "relaxation_factor" : 1.17157288,
               "niter_conv" : 8,
               "v_exact_x" : [-3.429, -2.029, 4.277, -0.1182, 2.913, 9.593, 2.902, 6.065, 11.13],
               "v_num_x" : [-3.247, -1.703, 4.305, 0.0393, 3.012, 9.368, 3.044, 6.111, 11.04],
               "v_exact_x1" : [-3.429259242125264784e+00,-2.028536160498207508e+00, 4.277328326251024215e+00,-1.182180949355535748e-01, 2.913484847398845723e+00, 9.592632464819804028e+00, 2.901890856231627236e+00, 6.065217151379123095e+00, 1.113300744410846299e+01],
               "v_num_x1" : [-3.247391239110461569e+00,-1.703339840809216854e+00, 4.305750667611278004e+00, 3.930976183343413977e-02, 3.011934235271935822e+00, 9.368126985073157442e+00, 3.043503781916973683e+00, 6.110778842234883435e+00, 1.103838816669558298e+01]},          
  "case_2" : { "h" : 0.08333333,
               "relaxation_factor" : 1.58879071,
               "niter_conv" : 26,
               "v_exact_x" : [-3.429, -2.029, 4.277, -0.1182, 2.913, 9.593, 2.902, 6.065, 11.13],
               "v_num_x" : [-3.409, -1.982, 4.279, -0.0961, 2.928, 9.556, 2.921, 6.072, 11.12],
               "v_exact_x1" : [-3.429259242125264784e+00,-2.028536160498207508e+00, 4.277328326251024215e+00,-1.182180949355535748e-01, 2.913484847398845723e+00, 9.592632464819804028e+00, 2.901890856231627236e+00, 6.065217151379123095e+00, 1.113300744410846299e+01],
               "v_num_x1" : [-3.408992512736769953e+00,-1.981674804148370495e+00, 4.279272430831239760e+00,-9.606690971104704657e-02, 2.928026123127286162e+00, 9.555929422611674440e+00, 2.920617130837137143e+00, 6.071669812667574107e+00, 1.111842118818535496e+01]},    
  "case_3" : { "h" : 0.05,
               "relaxation_factor" : 1.72945382,
               "niter_conv" : 43,
               "v_exact_x" : [-3.429, -2.029, 4.277, -0.1182, 2.913, 9.593, 2.902, 6.065, 11.13],
               "v_num_x" : [-3.424, -2.012, 4.277, -0.1087, 2.921, 9.578, 2.909, 6.069, 11.13],
               "v_exact_x1" : [-3.429259242125264784e+00,-2.028536160498207508e+00, 4.277328326251024215e+00,-1.182180949355535748e-01, 2.913484847398845723e+00, 9.592632464819804028e+00, 2.901890856231627236e+00, 6.065217151379123095e+00, 1.113300744410846299e+01],
               "v_num_x1" : [-3.423925619716913005e+00,-2.012123958410317659e+00, 4.276949172949805700e+00,-1.087174806838909213e-01, 2.920632300043114249e+00, 9.578390142350878378e+00, 2.909215228764084671e+00, 6.069249244814739264e+00, 1.112631299984268729e+01]}
}
