{
  "case_1" : {"nx" : [2, 3, 5, 7, 10],
	      "ne" : [ 8, 18, 50, 98, 200],
	      "kcalc" : [ 5.656854249492380582e+00, 5.037487859156868808e+00, 4.660708816714156377e+00, 4.554370148515061167e+00, 4.497602308209835087e+00],
              "error" : [ 2.732395447351628093e+01, 1.338331280105647636e+01, 4.902804813625857072e+00, 2.509343863174301692e+00, 1.231618541679400769e+00]},
  "case_2" : {"nx" : [2, 4, 6, 8],
	      "ne" : [16, 64, 144, 256],
	      "kcalc" : [ 4.091517372999447844e+00, 3.661062112847735861e+00, 3.578556755378445864e+00, 3.549629459143367693e+00],
              "error" : [ 1.648755247366614185e+01, 4.232275241950738121e+00, 1.883306318835328508e+00, 1.059731681136873771e+00]}
}
