{
"rb" :  1.326291192432461300e-03,
"tpifdt" :  7.853981633974482790e-02,
"ca" : [ 9.434513322353836884e-01, 1.000000000000000000e+00],
"cb" : [ 2.500000000000000000e-01, 6.250000000000000000e-02],
"cbmrb" : [ 1.884955592153875727e+02, 4.712388980384689319e+01],
"ey1" : [ 1.551586115123199279e-02, 1.777506628557107629e-02, 1.977877074191367393e-02, 2.421456082256643119e-02, 3.084840444808866627e-02, 1.456060250351571064e-02, 3.956891727482258342e-02, 5.727790615323222201e-02, 6.814214525788649113e-02, 8.409356263277632804e-02, 9.003858180027099478e-02, 9.061996844895198189e-02, 8.788928922917566000e-02, 7.836417543991208712e-02, 6.917206176376697324e-02, 6.227985929418052707e-02, 7.005138653428316653e-02, 8.896694471654770231e-02, 1.222234878456253254e-01, 1.660754226399676903e-01, 2.064884767147385780e-01, 2.521085415615048619e-01, 2.907903815643492762e-01, 3.291747455891650409e-01, 3.568220588932459192e-01, 3.777856691530518396e-01, 3.931307380446371069e-01, 3.984190653422552963e-01, 3.959160005101337587e-01, 3.824501761338211514e-01, 3.579520443105513317e-01, 3.320489642882988313e-01, 2.903165843945574309e-01, 2.272586365221773153e-01, 1.446741440660655464e-01, 4.013567567452097640e-01, 3.229434596555065817e-01, 2.522123767851313647e-01, 1.871014387585327177e-01, 1.123400019125233795e+00, 0.000000000000000000e+00, 0.000000000000000000e+00],
"ez1" : [ 2.706212236163660356e-01, 2.714135560636102840e-01, 2.475753180726226188e-01, 2.019581570259401104e-01, 2.556159866196621167e-01, 5.431074669665817423e-01, 8.449088685380591324e-01, 1.110633277002379460e+00, 1.346484452801194998e+00, 1.480618329273857503e+00, 1.546851605763814863e+00, 1.511008322107972424e+00, 1.391770662149153237e+00, 1.222572220594491998e+00, 1.064148327906055513e+00, 1.025382369908609093e+00, 1.147676553793258059e+00, 1.403834791932855097e+00, 1.692691763074230638e+00, 1.963567652595706869e+00, 2.184888418809847632e+00, 2.316499284821184279e+00, 2.353366022111673228e+00, 2.277495876706841837e+00, 2.134241027102220745e+00, 1.938864229466535916e+00, 1.737565573815502473e+00, 1.620213322082205920e+00, 1.641790861336676066e+00, 1.738669402983217704e+00, 1.903945213522403090e+00, 2.120537479576245499e+00, 2.343595406288276006e+00, 2.457110313700649584e+00, 2.474535733230859957e+00, 2.378774501074269132e+00, 2.039232079847884460e+00, 1.825192865943211951e+00, 1.726763674568019047e+00, 1.726763674568019047e+00, 0.000000000000000000e+00, 0.000000000000000000e+00]
}
