{
  "case_1" : {"c_alpha" : 2.354264765106168500e-01, "energy" : -1.623674518338030781e+00, "angular_momentum" : [0.00000000e+00, 0.00000000e+00, 6.874999999964645170e+00], "angular_momentum_i" : [0.00000000e+00, 0.00000000e+00, 0.00000000e+00, 0.00000000e+00, 0.00000000e+00, 0.00000000e+00, 1.979166666656489326e+00, 2.708333333319405956e+00, 2.187499999988750332e+00]},
  "case_2" : {"c_alpha" : 1.748773209485022795e-01, "energy" : -1.911839117982285341e+00, "angular_momentum" : [0.00000000e+00, 0.00000000e+00, 5.605015249497773411e+00], "angular_momentum_i" : [0.00000000e+00, 0.00000000e+00, 0.00000000e+00, 0.00000000e+00, 0.00000000e+00, 0.00000000e+00, 2.660832238329021937e+00, 5.500087197529829330e-01, 2.394174291415768430e+00]},
  "case_3" : {"c_alpha" : 1.385070080190334396e+00, "energy" : -3.706231035754576020e+00, "angular_momentum" : [0.00000000e+00, 0.00000000e+00, 5.255116461139883732e+00], "angular_momentum_i" : [0.00000000e+00, 0.00000000e+00, 0.00000000e+00, 0.00000000e+00, 0.00000000e+00, 0.00000000e+00, 2.350886272177643121e+00, 2.696671958391549939e+00, 2.075582305706907826e-01]},
  "case_4" : {"c_alpha" : 3.072503869900383155e-01, "energy" : -2.666088478268121786e+00, "angular_momentum" : [0.00000000e+00, 0.00000000e+00, 5.374976077486419257e+00], "angular_momentum_i" : [0.00000000e+00, 0.00000000e+00, 0.00000000e+00, 0.00000000e+00, 0.00000000e+00, 0.00000000e+00, 5.379364415039144393e-02, 2.956361061259484835e+00, 2.364821372076542527e+00]},
  "case_5" : {"c_alpha" : 4.789737467034325569e+00, "energy" : -5.279956559195107548e+04, "angular_momentum" : [0.00000000e+00, 0.00000000e+00, 3.781917576049055697e+03], "angular_momentum_i" : [0.00000000e+00,-0.00000000e+00, 0.00000000e+00, 0.00000000e+00, 0.00000000e+00, 0.00000000e+00,-0.00000000e+00, 0.00000000e+00, 1.843511365325352699e+03, 1.843511365323116252e+03, 4.744742270080185165e+01, 4.744742269978477367e+01]},
  "case_6" : {"c_alpha" : 5.469777954771700701e-01, "energy" : -3.981336702024292684e+00, "angular_momentum" : [0.00000000e+00, 0.00000000e+00, 5.449289880573464195e+00], "angular_momentum_i" : [0.00000000e+00, 0.00000000e+00, 0.00000000e+00, 0.00000000e+00, 0.00000000e+00, 0.00000000e+00, 0.00000000e+00, 0.00000000e+00, 2.924249770245391788e-01, 2.924249770278318783e-01, 2.432219963254926398e+00, 2.432219963266166740e+00]},
  "case_7" : {"c_alpha" : 2.960246113257050671e-01, "energy" : -1.173880215462008003e+01, "angular_momentum" : [0.00000000e+00, 0.00000000e+00, 2.159999999997844355e+01], "angular_momentum_i" : [0.00000000e+00, 0.00000000e+00, 0.00000000e+00, 0.00000000e+00, 0.00000000e+00,-0.00000000e+00, 0.00000000e+00,-0.00000000e+00, 0.00000000e+00, 0.00000000e+00, 0.00000000e+00, 0.00000000e+00, 3.599999999996408295e+00, 3.599999999996407851e+00, 3.599999999996406519e+00, 3.599999999996406519e+00, 3.599999999996406075e+00, 3.599999999996407851e+00]}
}
